<?xml version="1.0" encoding="UTF-8"?>
<project-private xmlns="http://www.netbeans.org/ns/project-private/1">
    <editor-bookmarks xmlns="http://www.netbeans.org/ns/editor-bookmarks/2" lastBookmarkId="0"/>
    <open-files xmlns="http://www.netbeans.org/ns/projectui-open-files/2">
        <group>
            <file>file:/C:/Users/AngelIlaiAlcañizGarc/Documents/NetBeansProjects/Actividad2T3EDE/src/actividad2t3ede/ParImpar.java</file>
            <file>file:/C:/Users/AngelIlaiAlcañizGarc/Documents/NetBeansProjects/Actividad2T3EDE/test/actividad2t3ede/ParImparTest.java</file>
            <file>file:/C:/Users/AngelIlaiAlcañizGarc/Documents/NetBeansProjects/Actividad2T3EDE/src/actividad2t3ede/Actividad2T3EDE.java</file>
        </group>
    </open-files>
</project-private>
